link,name,salary
https://www.superjob.ru//vakansii/voditel-kategorii-s-gruzovogo-avtomobilya-38927476.html,Водитель категории С грузового автомобиля (15/15),до 85 000 руб./месяц
https://www.superjob.ru//vakansii/voditel-kategorii-s-gruzovogo-avtomobilya-38927476.html,Водитель категории С грузового автомобиля (15/15),до 85 000 руб./месяц
https://www.superjob.ru//vakansii/voditel-kategorii-s-gruzovogo-avtomobilya-38927476.html,Водитель категории С грузового автомобиля (15/15),до 85 000 руб./месяц
https://www.superjob.ru//vakansii/voditel-kategorii-s-gruzovogo-avtomobilya-38927476.html,Водитель категории С грузового автомобиля (15/15),до 85 000 руб./месяц
https://www.superjob.ru//vakansii/voditel-kategorii-s-gruzovogo-avtomobilya-38927476.html,Водитель категории С грузового автомобиля (15/15),до 85 000 руб./месяц
https://www.superjob.ru//vakansii/voditel-kategorii-s-gruzovogo-avtomobilya-38927476.html,Водитель категории С грузового автомобиля (15/15),до 85 000 руб./месяц
https://www.superjob.ru//vakansii/voditel-kategorii-s-gruzovogo-avtomobilya-38927476.html,Водитель категории С грузового автомобиля (15/15),до 85 000 руб./месяц
https://www.superjob.ru//vakansii/voditel-kategorii-s-gruzovogo-avtomobilya-38927476.html,Водитель категории С грузового автомобиля (15/15),до 85 000 руб./месяц
https://www.superjob.ru//vakansii/voditel-kategorii-s-gruzovogo-avtomobilya-38927476.html,Водитель категории С грузового автомобиля (15/15),до 85 000 руб./месяц
https://www.superjob.ru//vakansii/voditel-kategorii-s-gruzovogo-avtomobilya-38927476.html,Водитель категории С грузового автомобиля (15/15),до 85 000 руб./месяц
https://www.superjob.ru//vakansii/voditel-kategorii-s-gruzovogo-avtomobilya-38927476.html,Водитель категории С грузового автомобиля (15/15),до 85 000 руб./месяц
https://www.superjob.ru//vakansii/voditel-kategorii-s-gruzovogo-avtomobilya-38927476.html,Водитель категории С грузового автомобиля (15/15),до 85 000 руб./месяц
https://www.superjob.ru//vakansii/voditel-kategorii-s-gruzovogo-avtomobilya-38927476.html,Водитель категории С грузового автомобиля (15/15),до 85 000 руб./месяц
https://www.superjob.ru//vakansii/voditel-kategorii-s-gruzovogo-avtomobilya-38927476.html,Водитель категории С грузового автомобиля (15/15),до 85 000 руб./месяц
https://www.superjob.ru//vakansii/voditel-kategorii-s-gruzovogo-avtomobilya-38927476.html,Водитель категории С грузового автомобиля (15/15),до 85 000 руб./месяц
https://www.superjob.ru//vakansii/voditel-kategorii-s-gruzovogo-avtomobilya-38927476.html,Водитель категории С грузового автомобиля (15/15),до 85 000 руб./месяц
https://www.superjob.ru//vakansii/voditel-kategorii-s-gruzovogo-avtomobilya-38927476.html,Водитель категории С грузового автомобиля (15/15),до 85 000 руб./месяц
https://www.superjob.ru//vakansii/voditel-kategorii-s-gruzovogo-avtomobilya-38927476.html,Водитель категории С грузового автомобиля (15/15),до 85 000 руб./месяц
https://www.superjob.ru//vakansii/voditel-kategorii-s-gruzovogo-avtomobilya-38927476.html,Водитель категории С грузового автомобиля (15/15),до 85 000 руб./месяц
https://www.superjob.ru//vakansii/voditel-kategorii-s-gruzovogo-avtomobilya-38927476.html,Водитель категории С грузового автомобиля (15/15),до 85 000 руб./месяц
https://www.superjob.ru//vakansii/voditel-kategorii-s-gruzovogo-avtomobilya-38927476.html,Водитель категории С грузового автомобиля (15/15),до 85 000 руб./месяц
https://www.superjob.ru//vakansii/voditel-kategorii-s-gruzovogo-avtomobilya-38927476.html,Водитель категории С грузового автомобиля (15/15),до 85 000 руб./месяц
https://www.superjob.ru//vakansii/voditel-kategorii-s-gruzovogo-avtomobilya-38927476.html,Водитель категории С грузового автомобиля (15/15),до 85 000 руб./месяц
https://www.superjob.ru//vakansii/voditel-kategorii-s-gruzovogo-avtomobilya-38927476.html,Водитель категории С грузового автомобиля (15/15),до 85 000 руб./месяц
https://www.superjob.ru//vakansii/voditel-kategorii-s-gruzovogo-avtomobilya-38927476.html,Водитель категории С грузового автомобиля (15/15),до 85 000 руб./месяц
https://www.superjob.ru//vakansii/voditel-kategorii-s-gruzovogo-avtomobilya-38927476.html,Водитель категории С грузового автомобиля (15/15),до 85 000 руб./месяц
https://www.superjob.ru//vakansii/voditel-kategorii-s-gruzovogo-avtomobilya-38927476.html,Водитель категории С грузового автомобиля (15/15),до 85 000 руб./месяц
